Type,Onset,Duration
Opto1,3521.25,227.75
Opto1,3788.25,211.25
Opto1,4055.5,227.75
Opto1,4322.5,160.5
Opto1,4589.5,227.75
Opto1,4873.25,211.25
Opto1,5140.5,211.0
Opto1,5407.5,227.75
Opto1,5674.5,227.75
Opto1,5941.5,228.0
Opto1,6208.75,227.75
Opto1,6492.5,211.0
Opto1,6759.5,211.25
Opto1,7026.75,227.75
Opto1,7293.75,227.75
Opto1,7560.75,227.75
Opto1,7844.5,211.25
Opto1,8111.75,211.0
Opto1,8378.75,227.75
Opto1,8645.75,227.75
Opto1,8912.75,228.0
Opto1,9196.5,211.25
Opto1,9914.5,211.0
Opto1,10181.5,211.0
Opto1,10448.5,227.75
Opto1,10715.5,228.0
Opto1,10999.5,211.0
Opto1,11266.5,211.0
Opto1,11533.5,211.25
Opto1,11800.5,228.0
Opto1,12067.5,228.0
Opto1,12785.5,227.75
Opto1,13052.5,227.75
Opto1,13336.25,211.25
Opto1,13603.5,211.0
Opto1,13870.5,211.0
Opto1,14588.25,227.75
Opto1,14855.25,227.75
Opto1,15122.25,228.0
Opto1,15406.0,211.25
Opto1,15673.25,211.0
Opto1,15940.25,211.25
Opto1,16207.25,228.0
Opto1,16474.25,228.0
Opto1,16741.5,227.75
Opto1,17025.25,211.25
Opto1,17292.5,211.0
Opto1,17559.5,211.0
Opto1,17826.5,227.75
Opto1,18093.5,228.0
Opto1,18360.5,228.0
Opto1,18644.5,211.0
Opto1,19362.25,211.0
Opto1,19629.25,211.25
Opto1,19896.25,228.0
Opto1,20163.25,228.0
Opto1,20430.5,227.75
Opto1,20714.25,211.25
Opto1,20981.25,211.25
Opto1,21248.5,227.75
Opto1,21515.5,227.75
Opto1,21782.5,228.0
Opto1,22049.5,228.0
Opto1,22333.5,211.0
Opto1,22600.5,211.0
Opto1,22867.5,228.0
Opto1,23134.5,228.0
Opto1,23401.75,227.75
Opto1,24136.25,211.0
Opto1,24403.25,211.25
Opto1,24670.25,211.25
Opto1,24937.5,227.75
Opto1,25204.5,227.75
Opto1,25471.5,228.0
Opto1,25755.25,211.25
Opto1,26022.5,211.0
Opto1,26289.5,227.75
Opto1,26556.5,227.75
Opto1,26823.5,228.0
Opto1,27090.75,227.75
Opto1,27374.5,211.0
Opto1,27641.5,211.25
Opto1,27908.75,227.75
Opto1,28175.75,227.75
Opto1,28442.75,227.75
Opto1,28726.5,211.25
Opto1,29027.0,194.5
Opto1,29260.75,211.0
Opto1,29527.75,211.25
Opto1,29795.0,227.75
Opto1,30078.75,211.0
Opto1,30345.75,211.0
Opto1,30612.75,211.25
Opto1,30879.75,228.0
Opto1,31597.75,227.75
Opto1,31864.75,227.75
Opto1,32131.75,227.75
Opto1,32415.5,211.25
Opto1,33133.25,211.25
Opto1,33400.5,211.0
Opto1,33667.5,227.75
Opto1,33934.5,227.75
Opto1,34201.5,228.0
Opto1,34485.5,211.0
Opto1,34752.5,211.0
Opto1,35019.5,211.25
Opto1,35286.75,227.75
Opto1,35553.75,227.75
Opto1,35820.75,227.75
Opto1,36104.5,211.25
Opto1,36371.75,211.0
Opto1,36638.75,227.75
Opto1,36905.75,227.75
Opto1,37172.75,228.0
Opto1,37439.75,228.0
Opto1,37723.75,211.0
Opto1,37990.75,227.75
Opto1,38257.75,228.0
Opto1,38524.75,228.0
Opto1,38792.0,227.75
Opto1,39526.5,211.0
Opto1,39793.5,211.25
Opto1,40060.5,211.25
Opto1,40327.75,227.75
Opto1,40594.75,227.75
Opto1,40861.75,228.0
Opto1,41145.5,211.25
Opto1,41412.75,211.0
Opto1,42130.5,227.75
Opto1,42397.5,227.75
Opto1,42664.5,228.0
Opto1,42931.75,227.75
Opto1,43215.5,211.0
Opto1,43482.5,211.25
Opto1,43749.75,227.75
Opto1,44467.5,227.75
Opto1,44734.5,227.75
Opto1,45001.5,227.75
Opto1,45285.25,211.25
Opto1,45552.25,211.25
Opto1,45819.5,227.75
Opto1,46086.5,227.75
Opto1,46353.5,228.0
Opto1,46620.5,228.0
Opto1,47355.25,211.0
Opto1,47622.25,211.0
Opto1,47889.25,227.75
Opto1,48156.25,228.0
Opto1,48423.25,228.0
Opto1,48690.5,227.75
Opto1,48974.25,211.25
Opto1,49241.5,211.0
Opto1,49508.5,227.75
Opto1,49775.5,227.75
Opto1,50042.5,228.0
Opto1,50326.25,211.25
Opto1,50593.5,211.0
Opto1,50860.5,227.75
Opto1,51578.25,227.75
Opto1,51845.25,228.0
Opto1,52112.25,228.0
Opto1,52396.25,211.0
Opto1,52663.25,211.25
Opto1,53381.0,227.75
Opto1,53648.0,228.0
Opto1,53915.25,227.75
Opto1,54182.25,227.75
Opto1,54466.0,211.25
Opto1,54733.25,211.0
Opto1,55000.25,211.0
Opto1,55267.25,227.75
Opto1,55534.25,228.0
Opto1,55801.25,228.0
Opto1,56085.25,211.0
Opto1,56352.25,211.25
Opto1,56619.25,228.0
Opto1,56886.25,228.0
Opto1,57153.5,227.75
Opto1,57437.25,211.25
Opto1,57704.25,211.25
Opto1,57971.5,227.75
Opto1,58238.5,227.75
Opto1,58505.5,228.0
Opto1,58772.5,228.0
Opto1,59056.5,211.0
Opto1,59323.5,211.25
Opto1,59590.5,211.25
Opto1,59857.75,227.75
Opto1,60124.75,227.75
Opto1,60391.75,227.75
Opto1,60675.5,211.25
Opto1,60942.75,211.0
Opto1,61209.75,227.75
Opto1,61476.75,228.0
Opto1,61743.75,228.0
Opto1,62011.0,227.75
Opto1,62294.75,211.0
Opto1,62561.75,211.25
Opto1,62829.0,227.75
Opto1,63096.0,227.75
Opto1,63363.0,227.75
Opto1,63630.0,228.0
Opto1,64364.5,211.25
Opto1,64631.75,211.0
Opto1,64898.75,211.0
Opto1,65165.75,227.75
Opto1,65432.75,228.0
Opto1,65700.0,227.75
Opto1,65983.75,211.0
Opto1,66250.75,211.25
Opto1,66518.0,227.75
Opto1,66785.0,227.75
Opto1,67052.0,227.75
Opto1,67335.75,211.25
Opto1,67602.75,211.25
Opto1,67870.0,227.75
Opto1,68137.0,227.75
Opto1,68854.75,227.75
Opto1,69121.75,228.0
Opto1,69405.75,211.0
Opto1,69672.75,211.0
Opto1,69939.75,227.75
Opto1,70206.75,228.0
Opto1,70473.75,228.0
Opto1,70741.0,227.75
Opto1,71024.75,211.25
Opto1,71292.0,211.0
Opto1,71559.0,227.75
Opto1,71826.0,227.75
Opto1,72093.0,228.0
Opto1,72376.75,211.25
Opto1,72644.0,211.0
Opto1,72911.0,227.75
Opto1,73628.75,227.75
Opto1,73895.75,228.0
Opto1,74162.75,228.0
Opto1,74430.0,227.75
Opto1,74713.75,211.25
Opto1,74980.75,211.25
Opto1,75248.0,227.75
Opto1,75515.0,227.75
Opto1,75782.0,228.0
Opto1,76066.0,211.0
Opto1,76333.0,211.0
Opto1,76600.0,227.75
Opto1,76867.0,228.0
Opto1,77134.0,228.0
Opto1,77401.25,227.75
Opto1,77685.0,211.25
Opto1,77952.0,228.0
Opto1,78219.0,228.0
Opto1,78486.25,227.75
Opto1,78753.25,228.0
Opto1,79020.25,228.0
Opto1,79304.25,211.0
Opto1,79571.25,227.75
Opto1,80289.0,227.75
Opto1,80556.0,228.0
Opto1,80823.0,228.0
Opto1,81090.25,227.75
Opto1,81374.0,211.25
Opto1,81641.0,211.25
Opto1,81908.25,227.75
Opto1,82175.25,227.75
Opto1,82442.25,228.0
Opto1,82726.0,211.25
Opto1,82993.0,211.25
Opto1,83260.25,227.75
Opto1,83527.25,228.0
Opto1,83794.25,228.0
Opto1,84528.75,211.25
Opto1,84796.0,211.0
Opto1,85063.0,211.25
Opto1,85330.0,211.25
Opto1,85597.25,227.75
Opto1,85864.25,227.75
Opto1,86131.25,227.75
Opto1,86415.0,211.25
Opto1,87132.75,211.25
Opto1,87400.0,227.75
Opto1,87667.0,227.75
Opto1,87934.0,228.0
Opto1,88201.0,228.0
Opto1,88485.0,211.0
Opto1,88752.0,211.0
Opto1,89019.0,228.0
Opto1,89736.75,244.5
Opto1,90020.5,211.25
Opto1,90287.75,211.0
Opto1,90554.75,211.25
Opto1,90821.75,228.0
Opto1,91088.75,228.0
Opto1,91356.0,227.75
Opto1,91623.0,228.0
Opto1,91890.0,228.0
Opto1,92174.0,211.0
Opto1,92441.0,211.0
Opto1,93158.75,227.75
Opto1,93425.75,228.0
Opto1,93692.75,228.0
Opto1,93976.75,211.0
Opto1,94243.75,211.25
Opto1,94510.75,211.25
Opto1,94778.0,227.75
Opto1,95045.0,227.75
Opto1,95312.0,228.0
Opto1,95579.0,228.0
Opto1,96313.5,211.25
Opto1,96580.75,227.75
Opto1,96847.75,227.75
Opto1,97114.75,228.0
Opto1,97381.75,228.0
Opto1,97665.75,211.0
Opto1,97932.75,211.0
Opto1,98199.75,228.0
Opto1,98466.75,228.0
Opto1,98734.0,227.75
Opto1,99001.0,227.75
Opto1,99284.75,211.25
Opto1,99552.0,211.0
Opto1,99819.0,211.0
Opto1,100086.0,227.75
Opto1,100353.0,228.0
Opto1,100637.0,211.0
Opto1,100904.0,211.0
Opto1,101621.75,227.75
Opto1,101888.75,228.0
Opto1,102155.75,228.0
Opto1,102423.0,227.75
Opto1,102706.75,211.0
Opto1,102973.75,211.25
Opto1,103241.0,211.0
Opto1,103958.75,227.75
Opto1,104225.75,227.75
Opto1,104492.75,228.0
Opto1,104776.5,211.25
Opto1,105043.75,211.0
Opto1,105310.75,227.75
Opto1,105577.75,228.0
Opto1,106295.5,228.0
Opto1,106562.5,228.0
Opto1,106829.75,227.75
Opto1,107113.5,211.0
Opto1,107380.5,228.0
Opto1,107647.5,228.0
Opto1,107914.75,227.75
Opto1,108632.5,227.75
Opto1,108899.5,228.0
Opto1,109183.25,211.25
Opto1,109450.5,227.75
Opto1,109717.5,227.75
Opto1,110001.25,211.25
Opto1,110251.5,228.0
Opto1,110535.5,211.0
Opto1,110802.5,211.0
Opto1,111069.5,228.0
Opto1,111336.5,228.0
Opto1,111603.75,227.75
Opto1,111870.75,227.75
Opto1,112154.5,211.25
Opto1,112421.75,227.75
Opto1,112688.75,227.75
Opto1,112955.75,227.75
Opto1,113222.75,228.0
Opto1,113489.75,228.0
Opto1,113773.75,211.0
Opto1,114040.75,211.25
Opto1,114307.75,228.0
Opto1,114574.75,228.0
Opto1,114842.0,227.75
Opto1,115125.75,211.25
Opto1,115392.75,211.25
Opto1,115660.0,211.0
Opto1,115927.0,227.75
Opto1,116194.0,228.0
Opto1,116461.0,228.0
Opto1,116745.0,211.0
Opto1,117012.0,211.25
Opto1,117729.75,227.75
Opto1,117996.75,228.0
Opto1,118263.75,228.0
Opto1,118531.0,227.75
Opto1,118814.75,211.25
Opto1,119081.75,228.0
Opto1,119348.75,228.0
Opto1,119616.0,227.75
Opto1,120333.75,227.75
Opto1,120600.75,228.0
Opto1,120884.5,211.25
Opto1,121151.75,211.0
Opto1,121418.75,227.75
Opto1,121685.75,228.0
Opto1,121952.75,228.0
Opto1,122236.75,211.0
Opto1,122503.75,211.25
Opto1,122770.75,228.0
Opto1,123037.75,228.0
Opto1,123305.0,227.75
Opto1,123572.0,228.0
Opto1,123855.75,211.25
Opto1,124123.0,211.0
Opto1,124840.75,211.0
Opto1,125107.75,227.75
Opto1,125374.75,228.0
Opto1,125641.75,228.0
Opto1,125925.75,211.0
Opto1,126192.75,211.25
Opto1,126910.5,211.25
Opto1,127177.5,228.0
Opto1,127444.5,228.0
Opto1,127711.75,227.75
Opto1,127995.5,211.25
Opto1,128262.5,211.25
Opto1,128529.75,227.75
Opto1,128796.75,227.75
Opto1,129063.75,228.0
Opto1,129330.75,228.0
Opto1,129614.75,211.0
Opto1,129881.75,211.25
Opto1,130599.5,227.75
Opto1,130866.5,228.0
Opto1,131133.5,228.0
Opto1,131400.75,227.75
Opto1,131684.5,211.25
Opto1,131951.5,211.25
Opto1,132218.75,227.75
Opto1,132485.75,227.75
Opto1,132752.75,228.0
Opto1,133019.75,228.0
Opto1,133303.75,211.0
Opto1,133570.75,227.75
Opto1,133837.75,228.0
Opto1,136375.0,211.25
Opto1,136625.25,228.0
Opto1,136892.5,227.75
Opto1,137176.25,211.25
Opto1,137443.25,211.25
Opto1,137710.5,211.0
Opto1,137977.5,227.75
Opto1,138244.5,228.0
Opto1,138511.5,228.0
Opto1,138795.5,211.0
Opto1,139062.5,211.25
Opto1,139329.5,228.0
Opto1,139596.5,228.0
Opto1,139863.75,227.75
Opto1,140130.75,228.0
Opto1,140414.5,211.25
Opto1,140681.75,211.0
Opto1,140948.75,211.25
Opto1,141215.75,228.0
Opto1,141482.75,228.0
Opto1,141750.0,227.75
Opto1,142033.75,211.25
Opto1,142300.75,211.25
Opto1,143018.5,228.0
Opto1,143285.5,228.0
Opto1,143552.75,227.75
Opto1,143819.75,228.0
Opto1,144103.5,211.25
Opto1,144370.5,228.0
Opto1,144637.5,228.0
Opto1,145355.5,227.75
Opto1,145622.5,228.0
Opto1,145906.25,211.25
Opto1,146173.5,211.0
Opto1,146440.5,211.25
Opto1,146707.5,228.0
Opto1,146974.5,228.0
Opto1,147241.75,227.75
Opto1,147525.5,211.25
Opto1,147792.5,211.25
Opto1,148059.75,211.0
Opto1,148326.75,227.75
Opto1,148593.75,228.0
Opto1,148860.75,228.0
Opto1,149144.5,211.25
Opto1,149411.75,211.0
Opto1,149678.75,228.0
Opto1,149945.75,228.0
Opto1,150212.75,228.0
Opto1,150480.0,227.75
Opto1,150763.75,228.0
Opto1,151047.5,211.25
Opto1,151748.5,211.25
Opto1,152015.75,227.75
Opto1,152282.75,228.0
Opto1,152566.5,211.25
Opto1,152833.75,227.75
Opto1,153100.5,228.0
Opto1,153367.75,228.0
Opto1,153634.75,228.0
Opto1,153901.75,228.0
Opto1,154185.75,211.0
Opto1,154903.5,211.25
Opto1,155170.5,228.0
Opto1,155437.5,228.0
Opto1,155704.75,227.75
Opto1,155971.75,227.75
Opto1,156255.5,211.25
Opto1,156522.5,211.25
Opto1,156789.75,227.75
Opto1,157056.75,228.0
Opto1,157323.75,228.0
Opto1,158041.75,227.75
Opto1,158325.25,211.25
Opto1,158592.5,211.25
Opto1,158859.5,228.0
Opto1,159126.5,228.0
Opto1,159393.5,228.0
Opto1,159660.75,227.75
Opto1,159944.5,211.25
Opto1,160211.5,211.25
Opto1,160478.75,227.75
Opto1,160745.75,244.5
Opto1,161029.5,211.25
Opto1,161279.75,228.0
Opto1,161563.75,211.0
Opto1,161830.75,227.75
Opto1,162097.75,228.0
Opto1,162364.75,228.0
Opto1,162632.0,227.75
Opto1,163366.5,211.0
Opto1,163633.5,211.25
Opto1,163900.5,211.25
Opto1,164167.75,227.75
Opto1,164434.75,227.75
Opto1,164701.75,228.0
Opto1,164985.5,211.25
Opto1,165252.75,211.0
Opto1,165519.75,211.25
Opto1,165786.75,228.0
Opto1,166053.75,228.0
Opto1,166321.0,227.75
Opto1,166604.75,211.25
Opto1,167322.5,211.25
Opto1,167589.5,211.25
Opto1,167856.75,227.75
Opto1,168123.75,227.75
Opto1,168390.75,228.0
Opto1,168674.5,211.25
Opto1,168941.75,211.0
Opto1,169208.75,227.75
Opto1,169475.75,228.0
Opto1,169742.75,228.0
Opto1,170010.0,227.75
Opto1,170293.75,211.25
Opto1,170560.75,211.25
Opto1,170828.0,227.75
Opto1,171095.0,227.75
Opto1,171362.0,228.0
Opto1,171645.75,211.25
Opto1,172363.5,211.25
Opto1,172630.75,227.75
Opto1,172897.75,227.75
Opto1,173164.75,228.0
Opto1,173431.75,228.0
Opto1,174166.25,211.25
Opto1,174433.5,211.0
Opto1,174700.5,227.75
Opto1,175418.25,228.0
Opto1,176136.0,228.0
Opto1,176403.0,228.0
Opto1,176670.0,228.0
Opto1,177404.75,211.0
Opto1,177671.75,211.25
Opto1,177938.75,228.0
Opto1,178205.75,228.0
Opto1,178472.75,228.0
Opto1,178740.0,228.0
Opto1,179023.75,211.25
Opto1,179290.75,228.0
Opto1,179558.0,227.75
Opto1,179825.0,228.0
Opto1,180092.0,228.0
Opto1,180359.0,228.0
Opto1,180643.0,211.0
Opto1,181360.75,211.25
Opto1,181627.75,228.0
Opto1,181894.75,228.0
Opto1,182161.75,228.0
Opto1,182445.75,211.25
Opto1,183163.5,211.25
Opto1,183430.5,211.25
Opto1,183697.5,228.0
Opto1,184415.5,227.75
Opto1,184682.5,227.75
Opto1,184966.25,211.25
Opto1,185233.25,211.25
Opto1,185500.25,211.25
Opto1,185767.5,227.75
Opto1,186034.5,228.0
Opto1,186301.5,228.0
Opto1,186585.5,211.0
Opto1,186852.5,211.25
Opto1,187119.5,228.0
Opto1,187386.5,228.0
Opto1,187653.5,228.0
Opto1,187920.75,228.0
Opto1,188655.25,211.25
Opto1,188922.25,211.25
Opto1,189189.25,228.0
Opto1,189456.25,228.0
Opto1,189723.5,228.0
Opto1,189990.5,228.0
Opto1,190274.25,211.25
Opto1,190541.5,211.25
Opto1,190808.5,228.0
Opto1,191075.5,228.0
Opto1,191342.5,228.0
Opto1,191609.75,228.0
Opto1,191893.5,211.25
Opto1,192611.25,211.25
Opto1,192878.25,228.0
Opto1,193145.25,228.0
Opto1,193412.5,228.0
Opto1,193679.5,228.0
Opto1,193963.25,211.25
Opto1,194230.5,227.75
Opto1,194497.5,228.0
Opto1,194764.5,228.0
Opto1,195031.5,228.0
Opto1,195315.5,211.25
Opto1,195582.5,211.25
Opto1,196300.25,228.0
Opto1,196567.25,228.0
Opto1,196834.5,227.75
Opto1,197101.5,228.0
Opto1,197385.25,211.25
Opto1,198103.0,211.25
Opto1,198370.0,228.0
Opto1,198637.25,227.75
Opto1,198904.25,228.0
Opto1,199171.25,228.0
Opto1,199455.0,211.25
Opto1,199722.25,211.25
Opto1,199989.25,228.0
Opto1,200256.25,228.0
Opto1,200523.25,228.0
Opto1,200790.5,228.0
Opto1,201074.25,211.25
Opto1,201341.25,211.25
Opto1,201608.5,227.75
Opto1,201875.5,228.0
Opto1,202142.5,228.0
Opto1,202409.5,228.0
Opto1,202693.5,211.25
Opto1,202960.5,211.25
Opto1,203227.5,228.0
Opto1,203494.5,228.0
Opto1,203761.75,227.75
Opto1,204045.5,211.25
Opto1,204312.5,211.25
Opto1,204579.75,227.75
Opto1,204846.75,228.0
Opto1,205113.75,228.0
Opto1,205380.75,228.0
Opto1,205664.75,211.0
Opto1,205931.75,211.25
Opto1,206198.75,228.0
Opto1,206465.75,228.0
Opto1,207183.75,227.75
Opto1,207450.75,227.75
Opto1,207734.5,211.25
Opto1,208001.5,211.25
Opto1,208268.5,228.0
Opto1,208535.75,227.75
Opto1,208802.75,228.0
Opto1,209069.75,228.0
Opto1,209353.75,211.0
Opto1,209620.75,211.25
Opto1,209887.75,228.0
Opto1,210605.5,228.0
Opto1,210872.5,228.0
Opto1,211139.75,227.75
Opto1,211423.5,211.25
Opto1,211690.5,228.0
Opto1,211957.5,228.0
Opto1,212224.75,227.75
Opto1,212491.75,228.0
Opto1,212758.75,228.0
Opto1,213042.5,211.25
Opto1,213309.75,227.75
Opto1,213576.75,228.0
Opto1,213843.75,228.0
Opto1,214561.75,227.75
Opto1,214845.5,244.5
Opto1,215129.0,194.75
Opto1,215379.5,211.25
Opto1,215646.5,228.0
Opto1,215913.5,228.0
Opto1,216197.5,211.25
Opto1,216464.5,211.25
Opto1,216731.5,211.25
Opto1,216998.75,227.75
Opto1,217265.75,228.0
Opto1,217532.75,228.0
Opto1,217799.75,228.0
Opto1,218083.75,211.25
Opto1,218350.75,228.0
Opto1,218617.75,228.0
Opto1,218884.75,228.0
Opto1,219152.0,228.0
Opto1,219419.0,228.0
Opto1,219702.75,211.25
Opto1,219970.0,227.75
Opto1,220237.0,228.0
Opto1,220504.0,228.0
Opto1,220771.0,228.0
Opto1,221055.0,211.25
Opto1,221772.75,211.25
Opto1,222039.75,228.0
Opto1,222306.75,228.0
Opto1,222573.75,228.0
Opto1,222857.75,211.25
Opto1,223108.0,228.0
Opto1,223391.75,211.25
Opto1,223659.0,211.25
Opto1,223926.0,228.0
Opto1,224193.0,228.0
Opto1,224460.0,228.0
Opto1,224744.0,211.25
Opto1,225011.0,228.0
Opto1,225278.0,228.0
Opto1,225545.0,228.0
Opto1,225812.0,228.25
Opto1,226096.0,211.25
Opto1,226363.0,211.25
Opto1,226630.0,228.0
Opto1,227348.0,227.75
Opto1,227615.0,228.0
Opto1,227882.0,228.0
Opto1,228149.0,228.0
Opto1,228433.0,211.25
Opto1,228700.0,228.0
Opto1,228967.0,228.0
Opto1,229234.0,228.0
Opto1,229501.0,228.25
Opto1,229785.0,211.25
Opto1,230502.75,228.0
Opto1,230769.75,228.0
Opto1,231036.75,228.0
Opto1,231304.0,228.0
Opto1,231571.0,228.0
Opto1,232305.5,211.25
Opto1,232572.5,211.25
Opto1,232839.75,227.75
Opto1,233106.75,228.0
Opto1,233373.75,228.0
Opto1,233640.75,228.0
Opto1,233924.75,211.25
Opto1,234191.75,211.25
Opto1,234458.75,228.0
Opto1,234725.75,228.0
Opto1,235009.75,211.25
Opto1,235276.75,211.25
Opto1,235543.75,211.25
Opto1,235810.75,211.25
Opto1,236078.0,228.0
Opto1,236795.75,228.0
Opto1,237062.75,228.0
Opto1,237329.75,228.0
Opto1,238064.25,211.25
Opto1,238331.5,211.25
Opto1,238598.5,228.0
Opto1,238865.5,228.0
Opto1,239132.5,228.0
Opto1,239399.75,228.0
Opto1,239683.5,211.25
Opto1,239950.5,228.0
Opto1,240217.5,228.0
Opto1,240484.75,228.0
Opto1,241202.5,228.0
Opto1,241469.5,228.0
Opto1,241753.25,211.25
Opto1,242020.5,227.75
Opto1,242287.5,228.0
Opto1,242554.5,228.0
Opto1,242821.5,228.0
Opto1,243105.5,211.25
Opto1,243372.5,211.25
Opto1,243639.5,228.0
Opto1,243906.5,228.0
Opto1,244173.5,228.25
Opto1,244457.5,211.25
Opto1,244724.5,211.25
Opto1,244991.5,211.25
Opto1,245258.75,228.0
Opto1,245525.75,228.0
Opto1,245792.75,228.0
Opto1,246076.5,211.25
Opto1,246343.75,211.25
Opto1,246610.75,211.25
Opto1,246877.75,228.0
Opto1,247144.75,228.0
Opto1,247412.0,228.0
Opto1,247679.0,228.0
Opto1,247962.75,211.25
Opto1,248230.0,211.25
Opto1,248497.0,228.0
Opto1,248764.0,228.0
Opto1,249031.0,228.0
Opto1,249315.0,211.25
Opto1,250032.75,211.25
Opto1,250299.75,228.0
Opto1,250566.75,228.0
Opto1,250833.75,228.0
Opto1,251101.0,228.0
Opto1,251384.75,211.25
Opto1,251651.75,211.25
Opto1,251919.0,227.75
Opto1,252186.0,228.0
Opto1,252453.0,228.0
Opto1,252720.0,228.0
Opto1,253004.0,211.25
Opto1,253271.0,228.0
Opto1,253538.0,228.0
Opto1,253805.0,228.0
Opto1,254072.25,228.0
Opto1,254356.0,211.25
Opto1,254623.0,228.0
Opto1,254890.0,228.0
Opto1,255157.25,228.0
Opto1,255424.25,228.0
Opto1,255691.25,228.0
Opto1,255975.0,211.5
Opto1,256242.25,211.25
Opto1,256509.25,228.0
Opto1,256776.25,228.0
Opto1,257043.25,228.25
Opto1,257310.5,228.0
Opto1,257594.25,211.25
Opto1,257861.25,211.25
Opto1,258128.5,228.0
Opto1,258395.5,228.0
Opto1,258662.5,228.0
Opto1,258929.5,228.0
Opto1,259213.5,211.25
Opto1,259931.25,211.25
Opto1,260198.25,228.0
Opto1,260465.25,228.0
Opto1,260732.25,228.25
Opto1,260999.5,228.0
Opto1,261283.25,211.25
Opto1,261550.25,228.0
Opto1,262268.0,228.0
Opto1,262535.25,228.0
Opto1,262802.25,228.0
Opto1,263520.0,228.0
Opto1,263803.75,211.25
Opto1,264070.75,228.0
Opto1,264338.0,228.0
Opto1,264605.0,228.0
Opto1,264872.0,228.0
Opto1,265155.75,211.5
Opto1,265423.0,211.25
Opto1,265690.0,211.25
Opto1,265957.0,228.0
Opto1,266224.0,228.25
Opto1,266491.25,228.0
Opto1,266758.25,228.0
Opto1,267042.0,211.25
Opto1,267309.25,211.25
Opto1,267576.25,228.0
Opto1,267843.25,228.0
Opto1,268110.25,228.25
Opto1,268394.25,211.25
Opto1,269112.0,211.25
Opto1,269379.0,211.25
Opto1,269646.0,228.0
Opto1,269913.0,228.25
Opto1,270631.0,228.0
Opto1,270914.75,211.25
Opto1,271181.75,211.25
Opto1,271448.75,228.0
Opto1,271715.75,228.25
Opto1,271983.0,228.0
Opto1,272250.0,228.0
Opto1,272533.75,211.5
Opto1,272801.0,211.25
Opto1,273068.0,228.0
Opto1,273335.0,228.0
Opto1,274052.75,228.0
Opto1,274787.25,211.25
Opto1,275054.5,211.25
Opto1,275321.5,211.25
Opto1,275588.5,211.25
Opto1,275855.5,228.0
Opto1,276122.5,228.25
Opto1,276389.75,228.0
Opto1,276673.5,211.25
Opto1,276940.5,211.5
Opto1,277658.25,228.0
Opto1,277925.5,228.0
Opto1,278192.5,228.0
Opto1,278476.25,211.25
Opto1,278743.5,211.25
Opto1,279027.25,194.5
Opto1,279277.5,211.25
Opto1,279544.5,228.0
Opto1,279828.25,211.5
Opto1,280095.5,211.25
Opto1,280362.5,211.25
Opto1,281080.25,211.25
Opto1,281347.25,228.0
Opto1,281614.5,228.0
Opto1,281881.5,228.0
Opto1,282165.25,211.25
Opto1,282883.0,211.25
Opto1,283150.25,227.75
Opto1,283417.25,228.0
Opto1,283684.25,228.0
Opto1,284402.0,228.0
Opto1,284669.0,228.0
Opto1,284953.0,211.25
Opto1,285670.75,211.25
Opto1,285937.75,228.0
Opto1,286204.75,228.0
Opto1,286922.5,228.0
Opto1,287206.25,211.5
Opto1,287473.5,211.25
Opto1,287740.5,211.25
Opto1,288007.5,228.0
Opto1,288725.25,228.0
Opto1,289009.0,211.5
Opto1,289259.5,228.0
Opto1,289543.25,211.25
Opto1,290261.0,211.25
Opto1,290528.25,227.75
Opto1,290795.25,228.0
Opto1,291513.0,228.0
Opto1,291780.0,228.0
Opto1,292063.75,211.25
Opto1,292330.75,211.5
Opto1,292598.0,228.0
Opto1,292865.0,228.0
Opto1,293132.0,228.0
Opto1,293416.0,211.25
Opto1,293683.0,211.25
Opto1,293950.0,228.0
Opto1,294217.0,228.0
Opto1,294935.0,227.75
Opto1,295201.75,228.25
Opto1,295469.0,228.0
Opto1,295752.75,211.25
Opto1,296019.75,228.0
Opto1,296286.75,228.25
Opto1,296554.0,228.0
Opto1,296821.0,228.0
Opto1,297555.5,211.25
Opto1,297822.75,211.25
Opto1,298089.75,228.0
Opto1,298356.75,228.0
Opto1,299074.5,228.0
Opto1,299341.5,228.25
Opto1,299625.5,211.25
Opto1,299892.5,211.25
Opto1,300159.5,211.25
Opto1,300426.5,228.25
Opto1,300693.75,228.0
Opto1,300960.75,228.0
Opto1,301244.5,211.25
Opto1,301511.75,211.25
Opto1,301778.75,228.0
Opto1,302045.75,228.0
Opto1,302312.75,228.0
Opto1,302580.0,228.0
Opto1,302863.75,211.25
Opto1,303130.75,211.25
Opto1,303397.75,228.0
Opto1,304115.5,228.25
Opto1,304382.5,228.25
Opto1,304649.75,228.0
Opto1,304933.5,211.25
Opto1,305200.5,211.5
Opto1,305467.75,228.0
Opto1,305734.75,228.0
Opto1,306452.5,228.0
Opto1,306719.5,228.0
Opto1,307003.25,211.5
Opto1,307270.5,211.25
Opto1,307537.5,228.0
Opto1,307804.5,228.0
Opto1,308071.5,228.25
Opto1,308355.5,211.25
Opto1,308622.5,211.25
Opto1,308889.5,211.5
Opto1,309156.75,228.0
Opto1,309423.75,228.0
Opto1,309690.75,228.0
Opto1,309974.5,211.5
Opto1,310241.75,211.25
Opto1,310508.75,228.0
Opto1,310775.75,228.0
Opto1,311042.75,228.25
Opto1,311310.0,228.0
Opto1,311593.75,211.25
Opto1,311860.75,211.5
Opto1,312128.0,228.0
Opto1,312395.0,228.0
Opto1,312662.0,228.0
Opto1,312945.75,211.5
Opto1,313663.5,211.5
Opto1,313930.75,211.25
Opto1,314197.75,228.0
Opto1,314464.75,228.0
Opto1,314731.75,228.25
Opto1,314999.0,228.0
Opto1,315282.75,211.25
Opto1,316000.5,211.25
Opto1,316267.5,228.0
Opto1,316534.5,228.25
Opto1,316801.75,228.0
Opto1,317068.75,228.0
Opto1,317352.5,211.5
Opto1,317619.75,211.25
Opto1,317886.75,228.0
Opto1,318153.75,228.0
Opto1,318420.75,228.25
Opto1,318704.75,211.25
Opto1,318971.75,211.25
Opto1,319238.75,228.0
Opto1,319505.75,228.25
Opto1,319773.0,228.0
Opto1,320040.0,228.0
Opto1,320323.75,211.5
Opto1,320590.75,211.5
Opto1,320858.0,228.0
Opto1,321125.0,228.0
Opto1,321392.0,228.25
Opto1,321676.0,211.25
Opto1,321943.0,211.25
Opto1,322210.0,211.25
Opto1,322927.75,228.0
Opto1,323194.75,228.25
Opto1,323462.0,228.0
Opto1,323729.0,228.0
Opto1,324012.75,211.5
Opto1,324279.75,211.5
Opto1,324547.0,228.0
Opto1,324814.0,228.0
Opto1,325531.75,228.0
Opto1,326249.5,228.0
Opto1,326533.25,211.5
Opto1,326800.5,211.25
Opto1,327067.5,228.0
Opto1,327334.5,228.0
Opto1,327601.5,228.25
Opto1,327868.75,228.0
Opto1,328603.25,211.25
Opto1,328870.25,211.25
Opto1,329137.25,228.0
Opto1,329855.0,228.25
Opto1,330122.0,228.25
Opto1,330389.25,228.0
Opto1,330673.0,211.25
Opto1,330940.0,211.5
Opto1,331207.25,228.0
Opto1,331474.25,228.0
Opto1,332192.0,228.0
Opto1,332459.0,228.25
Opto1,332742.75,211.5
Opto1,333010.0,211.25
Opto1,333277.0,244.75
Opto1,333560.75,211.25
Opto1,333827.75,211.5
Opto1,334095.0,211.25
Opto1,334362.0,211.25
Opto1,334629.0,211.5
Opto1,334896.25,228.0
Opto1,335163.25,228.0
Opto1,335897.75,211.25
Opto1,336615.5,211.25
Opto1,336882.5,211.5
Opto1,337149.5,211.5
Opto1,337867.5,228.0
Opto1,338134.5,228.0
Opto1,338401.5,228.0
Opto1,338668.5,228.25
Opto1,338952.25,211.5
Opto1,339219.5,211.25
Opto1,339486.5,228.0
Opto1,339753.5,244.75
Opto1,340037.25,211.5
Opto1,340304.5,211.25
Opto1,340571.5,211.5
Opto1,343092.0,211.5
Opto1,343359.25,211.25
Opto1,343626.25,228.0
Opto1,343893.25,228.0
Opto1,344160.25,228.25
Opto1,344444.25,211.25
Opto1,344711.25,211.25
Opto1,344978.25,228.0
Opto1,345245.25,228.25
Opto1,345963.25,228.0
Opto1,346230.25,228.0
Opto1,346497.25,228.0
Opto1,346781.0,211.5
Opto1,347048.0,211.5
Opto1,347315.25,228.0
Opto1,347582.25,228.0
Opto1,347849.25,228.25
Opto1,348133.0,211.5
Opto1,348400.25,211.25
Opto1,348667.25,228.0
Opto1,348934.25,228.25
Opto1,349201.5,228.0
Opto1,349468.5,228.0
Opto1,349752.25,228.0
Opto1,350470.0,211.5
Opto1,350737.25,228.0
Opto1,351004.25,228.0
Opto1,351271.25,228.0
Opto1,351538.25,228.25
Opto1,351822.0,211.5
Opto1,352089.25,228.0
Opto1,352356.25,228.0
Opto1,352623.25,228.25
Opto1,352890.25,228.25
Opto1,353174.25,211.25
Opto1,353441.25,211.25
Opto1,353708.25,228.25
Opto1,353975.25,228.25
Opto1,354693.25,228.0
Opto1,354960.25,228.0
Opto1,355244.0,211.5
Opto1,355511.0,211.5
Opto1,355778.25,211.25
Opto1,356045.25,228.0
Opto1,356312.25,228.25
Opto1,356579.25,228.25
Opto1,356863.25,211.25
Opto1,357130.25,228.0
Opto1,357397.25,228.25
Opto1,357664.25,228.25
Opto1,357931.5,228.0
Opto1,358198.5,228.0
Opto1,358482.25,211.5
Opto1,358749.5,211.25
Opto1,359016.5,228.0
Opto1,359283.5,228.0
Opto1,359550.5,228.25
Opto1,359834.5,211.25
Opto1,360101.5,211.25
Opto1,360368.5,228.0
Opto1,360635.5,228.25
Opto1,360902.75,228.0
Opto1,361169.75,228.0
Opto1,361453.5,211.5
Opto1,361720.5,211.5
Opto1,361987.75,228.0
Opto1,362254.75,228.0
Opto1,362521.75,228.25
Opto1,362788.75,228.25
Opto1,363072.75,211.25
Opto1,363339.75,211.5
Opto1,364057.5,228.0
Opto1,364324.5,228.25
Opto1,364591.75,228.0
Opto1,364858.75,228.0
Opto1,365142.5,211.5
Opto1,365860.25,211.5
Opto1,366127.5,228.0
Opto1,366845.25,228.0
Opto1,367112.25,228.0
Opto1,367379.25,228.0
Opto1,368113.75,211.5
Opto1,368380.75,211.5
Opto1,368648.0,228.0
Opto1,369365.75,228.0
Opto1,369632.75,228.0
Opto1,369899.75,228.25
Opto1,370166.75,228.25
Opto1,370450.75,211.25
Opto1,370717.75,228.0
Opto1,370984.75,228.25
Opto1,371251.75,228.25
Opto1,371519.0,228.0
Opto1,372253.5,211.25
Opto1,372520.5,211.5
Opto1,372787.5,228.25
Opto1,373054.5,228.25
Opto1,373772.5,228.0
Opto1,374039.5,228.0
Opto1,374323.25,211.5
Opto1,374590.25,228.25
Opto1,374857.25,228.25
Opto1,375575.25,228.0
Opto1,375842.25,228.0
Opto1,376109.25,228.25
Opto1,376843.75,211.5
Opto1,377561.5,211.5
Opto1,377828.75,211.25
Opto1,378095.75,228.0
Opto1,378813.5,228.0
Opto1,379080.5,228.25
Opto1,379364.25,211.5
Opto1,379631.5,211.25
Opto1,379898.5,228.0
Opto1,380165.5,228.25
Opto1,380432.5,228.25
Opto1,380699.75,228.0
Opto1,380966.75,228.25
Opto1,381250.5,211.5
Opto1,381517.75,228.0
Opto1,381784.75,228.0
Opto1,382068.5,211.5
Opto1,382318.75,228.25
Opto1,383053.25,211.5
Opto1,383320.5,228.0
Opto1,383587.5,228.0
Opto1,383854.5,228.25
Opto1,384121.5,228.25
Opto1,384388.75,228.0
Opto1,384672.5,211.5
Opto1,384939.5,211.5
Opto1,385206.75,228.0
Opto1,385924.5,228.0
Opto1,386191.5,228.0
Opto1,386458.5,228.25
Opto1,386742.25,211.5
Opto1,387009.5,211.25
Opto1,387276.5,228.0
Opto1,387543.5,228.25
Opto1,387810.5,228.25
Opto1,388077.75,228.0
Opto1,388361.5,211.5
Opto1,389079.25,211.5
Opto1,389346.25,228.25
Opto1,389613.25,228.25
Opto1,389880.5,228.0
Opto1,390615.0,211.25
Opto1,390882.0,211.5
Opto1,391149.0,211.5
Opto1,391416.25,228.0
Opto1,391683.25,228.0
Opto1,391950.25,228.25
Opto1,392217.25,228.25
Opto1,392501.25,211.25
Opto1,392768.25,228.0
Opto1,393035.25,228.25
Opto1,393302.25,228.25
Opto1,393569.5,228.0
Opto1,393853.25,211.5
Opto1,394120.25,211.5
Opto1,394387.5,228.0
Opto1,394654.5,228.0
Opto1,394921.5,228.25
Opto1,395188.5,228.25
Opto1,395472.5,211.25
Opto1,396190.25,211.25
Opto1,396457.25,228.0
Opto1,396724.25,228.25
Opto1,396991.25,228.25
Opto1,397258.5,228.0
Opto1,397542.25,211.5
Opto1,398260.0,211.5
Opto1,398527.0,228.25
Opto1,398794.0,228.25
Opto1,399061.25,228.0
Opto1,399345.0,211.5
Opto1,399612.0,211.5
Opto1,399879.25,211.25
Opto1,400146.25,228.0
Opto1,400413.25,228.25
Opto1,400680.25,228.25
Opto1,400964.0,211.5
Opto1,401231.25,211.5
Opto1,401498.25,228.25
Opto1,401765.25,228.25
Opto1,402032.5,228.0
Opto1,402299.5,228.25
Opto1,402583.25,211.5
Opto1,402850.25,211.5
Opto1,403117.5,228.0
Opto1,403384.5,228.25
Opto1,403651.5,228.25
Opto1,403918.75,228.0
Opto1,404653.25,211.25
Opto1,404920.25,228.0
Opto1,405204.0,211.5
Opto1,405454.25,228.25
Opto1,405721.5,228.0
Opto1,406005.25,211.5
Opto1,406272.25,211.5
Opto1,406539.25,228.25
Opto1,406806.5,228.0
Opto1,407524.25,228.0
Opto1,407791.25,228.25
Opto1,408075.0,211.5
Opto1,408342.0,211.5
Opto1,408609.25,211.25
Opto1,408876.25,228.25
Opto1,409143.25,228.25
Opto1,409410.25,228.25
Opto1,409694.25,211.25
Opto1,409961.25,211.5
Opto1,410228.25,211.5
Opto1,410495.5,228.0
Opto1,410762.5,228.0
Opto1,411029.5,228.25
Opto1,411313.25,211.5
Opto1,411580.5,211.25
Opto1,412298.25,228.0
Opto1,412565.25,228.25
Opto1,412832.25,228.25
Opto1,413099.25,228.25
Opto1,413366.5,228.0
Opto1,413650.25,211.5
Opto1,413917.25,228.25
Opto1,414184.25,228.25
Opto1,414451.5,228.0
Opto1,414718.5,228.25
Opto1,415002.25,211.5
Opto1,415269.5,211.25
Opto1,415536.5,228.0
Opto1,415803.5,228.25
Opto1,416521.25,228.25
Opto1,416788.25,228.25
Opto1,417072.25,211.25
Opto1,417356.0,211.25
Opto1,417606.25,228.25
Opto1,417873.5,228.0
Opto1,418140.5,228.0
Opto1,418424.25,211.5
Opto1,418691.25,211.5
Opto1,418958.5,228.0
Opto1,419225.5,228.0
Opto1,419492.5,228.25
Opto1,420227.0,211.5
Opto1,420494.0,211.5
Opto1,420761.25,211.25
Opto1,421028.25,228.0
Opto1,421746.0,228.25
Opto1,422013.0,228.25
Opto1,422280.0,228.25
Opto1,422564.0,211.25
Opto1,422831.0,211.5
Opto1,423548.75,228.25
Opto1,423815.75,228.25
Opto1,424083.0,228.0
Opto1,424350.0,228.25
Opto1,424617.0,228.25
Opto1,424900.75,211.5
Opto1,425168.0,228.0
Opto1,425435.0,228.25
Opto1,425702.0,228.25
Opto1,425969.0,228.25
Opto1,426253.0,211.25
Opto1,426520.0,211.5
Opto1,426787.0,228.25
Opto1,427054.0,228.25
Opto1,427321.25,228.0
Opto1,427588.25,228.25
Opto1,427872.0,211.5
Opto1,428139.25,211.25
Opto1,428406.25,228.0
Opto1,428673.25,228.25
Opto1,428940.25,228.25
Opto1,429207.5,228.0
Opto1,429491.25,211.5
Opto1,429758.25,228.25
Opto1,430025.25,228.25
Opto1,430292.5,228.0
Opto1,430559.5,228.25
Opto1,431294.0,211.5
Opto1,431561.0,211.5
Opto1,432278.75,211.5
Opto1,432546.0,228.0
Opto1,432813.0,228.0
Opto1,433080.0,228.25
Opto1,433347.0,228.25
Opto1,433631.0,211.25
Opto1,433898.0,211.5
Opto1,434165.0,228.25
Opto1,434432.0,228.25
Opto1,434699.25,228.0
Opto1,434999.75,194.75
Opto1,435250.0,228.25
Opto1,435517.0,228.25
Opto1,435784.25,228.0
Opto1,436051.25,228.25
Opto1,436335.0,211.5
Opto1,437052.75,211.5
Opto1,437320.0,228.0
Opto1,437587.0,228.0
Opto1,438304.75,228.25
Opto1,438571.75,228.25
Opto1,438838.75,228.25
Opto1,439122.75,211.25
Opto1,439389.75,211.5
Opto1,439656.75,228.25
Opto1,439923.75,228.25
Opto1,440191.0,228.0
Opto1,440908.75,228.0
Opto1,441192.5,211.5
Opto1,441459.5,211.5
Opto1,442177.25,228.25
Opto1,442444.5,228.0
Opto1,442711.5,228.25
Opto1,442978.5,228.25
Opto1,443262.25,211.5
Opto1,443529.5,211.5
Opto1,443796.5,211.5
Opto1,444063.5,228.25
Opto1,444330.5,228.25
Opto1,444614.5,211.25
Opto1,444881.5,211.5
Opto1,445148.5,211.5
Opto1,445415.75,228.0
Opto1,445682.75,228.0
Opto1,446400.5,228.25
Opto1,446667.5,228.25
Opto1,446951.25,211.5
Opto1,447218.5,228.0
Opto1,447485.5,228.25
Opto1,447752.5,228.25
Opto1,448019.5,228.25
Opto1,448286.75,228.0
Opto1,448570.5,211.5
Opto1,448837.5,211.5
Opto1,449104.75,228.0
Opto1,449371.75,228.0
Opto1,449638.75,228.25
Opto1,449922.5,211.5
Opto1,450640.25,228.25
Opto1,450907.25,228.25
Opto1,451625.25,228.0
Opto1,451892.25,228.25
Opto1,452159.25,228.25
Opto1,452893.75,211.5
Opto1,453160.75,211.5
Opto1,453428.0,211.5
Opto1,453695.0,228.25
Opto1,453962.0,228.25
Opto1,454229.0,228.25
Opto1,454513.0,211.5
Opto1,454780.0,211.5
Opto1,455047.0,228.25
Opto1,455314.0,228.25
Opto1,455581.25,228.25
Opto1,455848.25,228.25
Opto1,456132.0,211.5
Opto1,456399.25,211.5
Opto1,456666.25,228.25
Opto1,457384.0,228.25
Opto1,457651.0,228.25
Opto1,457918.0,228.25
Opto1,458202.0,211.5
Opto1,458469.0,211.5
Opto1,458736.0,228.25
Opto1,459003.0,228.25
Opto1,459270.25,228.25
Opto1,459537.25,228.25
Opto1,459821.0,211.5
Opto1,460088.25,211.25
Opto1,460355.25,228.25
Opto1,460622.25,228.25
Opto1,460889.25,228.25
Opto1,461173.25,211.25
Opto1,461440.25,211.5
Opto1,461707.25,228.25
Opto1,461974.25,228.25
Opto1,462241.5,228.0
Opto4,0.25,0.25
